id,f0,f1,f2,f3,f4,f5,f6,f7,f8,f9,f10,f11,f12,f13,f14,f15,f16,f17,f18,f19,f20,f21,f22,f23,f24,f25,f26,f27,f28,f29,f30,f31,f32,f33,f34,f35,f36,f37,f38,f39,f40,f41,f42,f43,f44,f45,f46,f47,f48,f49,f50,f51,f52,f53,f54,f55,f56,f57,f58,f59,f60,f61,f62,f63,f64,f65,f66,f67,f68,f69,f70,f71,f72,f73,f74,f75,f76,f77,f78,f79,f80,f81,f82,f83,f84,f85,f86,f87,f88,f89,f90,f91,f92,f93,f94,f95,f96,f97,f98,f99
250000,0.812665,,-1.23912,-0.893251,295.577,15.8712,23.0436,0.942256,29.898,1.11394,-1.31222,-1.11,128.357,7.34446,-1.03063,2.30403,13018510,0.0195585,0.757686,-0.716056,0.0223305,0.141964,8938.11,6.4437,1.13373,6.52705,148.03,80178,3.43441,5.53518,1.27952,8.23541,-1.30646,1.11069,153.408,50.8583,8.34922,-0.717611,1.93471,0.97446,-1.29891,2.30894,0.07532,0.491064,45.3193,21.0993,11.9258,4.01183,-1.0147,93.4686,2.4723,1.62315,28220.2,79.6277,-0.435385,1651,30.455,1.65139,90.1818,0.505812,2.73E+09,100.62,5.18241,0.264471,1.19025,0.566016,0.354571,1.31239,14.3741,0.839548,119.689,-0.0501165,62.5088,1.55966,2.77633,-50.0871,0.247334,0.0353394,6.34367,1.17657,2.10436,0.0105192,-0.393985,-0.243344,3.77018,4.63545,52,-0.144592,3.81875,-0.34757,0.446389,-422.332,-1.4463,1.69075,1.0593,-3.01057,1.94664,0.52947,1.38695,8.78767
250001,0.190344,131,-0.501361,0.801921,64.8866,3.09703,344.805,0.807194,38.4219,1.09695,-5.63655,1.28709,128.25,6.69085,1.83633,0.616096,1618530,0.0673145,-0.808238,-0.320105,0.998695,15.1139,1432.86,1.5751,-1.07891,2.80475,158.629,78013,0.869545,15.6028,1.24232,5.18894,-1.38471,0.893887,168,58.9003,6.44828,1.19522,1.94325,0.966581,-8.59752,2.67154,0.00465937,0.488331,151.61,560.819,6.20549,5.8434,-0.857418,52.0208,1.63499,0.618007,65940.8,82.5252,0.806279,-17,3257.99,3.54311,64.7339,0.387583,6.19E+09,112.323,1.66891,0.292888,1.23355,0.558571,0.268359,0.980215,9.97976,1.82144,-1.32548,0.0475116,20.8764,1.8762,3.72237,268.494,-0.477587,1.69387,6.82245,1.21945,1.20199,-0.00199598,-0.382959,0.12406,2.11821,5.18402,70,0.256226,18.0312,23.5723,0.377179,10352.2,21.0627,1.84351,0.251895,4.44057,1.90309,0.248534,0.863881,11.7939
250002,0.919671,19,-0.0573818,0.901419,11961.2,16.3965,273.24,-0.00330034,37.94,1.15222,-3.40328,0.142553,152.386,15.0852,1.55487,1.65475,17563785,-0.166851,-1.2627,1.4112,0.0039904,8.78017,4043.78,7.05112,-1.01288,10.0445,121.983,88912,-0.486979,8.97968,1.19842,8.58212,-0.293621,1.88358,120.411,110.36,5.18177,1.36578,-1.25788,0.928871,5.28449,2.10284,0.0917945,0.520486,82.0779,74.4712,6.09813,2.65875,-0.339302,110.073,2.43819,0.0134372,34353.4,93.1586,3.08992,825,464.775,1.62928,88.2927,0.0995244,3.35E+09,34.8437,5.33377,0.351806,1.38724,0.392356,0.148567,1.07647,5.34354,-2.06249,144.71,-0.169986,39.3509,2.32312,3.01259,23.2484,0.511384,1.32538,7.33185,1.17367,1.39359,0.00112002,-0.199941,0.0274051,4.3142,3.24285,501,-0.141364,4.78365,0.0683779,0.99014,3224.02,-2.25287,1.551,-0.559157,17.8386,1.83385,0.931796,2.33687,9.054
250003,0.860985,19,-0.549509,0.471799,7501.6,2.80698,71.0817,0.792136,0.395235,1.20157,0.870915,1.27131,157.147,5.84885,1.38564,0.617328,252991,0.10845,0.479338,-0.71977,0.319796,25.2003,-170.328,7.52639,0.739869,0.736874,129.194,15850,11.3217,4.59213,1.38778,4.91686,-0.0106394,5.17564,118.858,13.9613,2.38068,0.883522,1.28392,1.42733,3.12177,1.74406,0.269816,0.63781,133.78,57.7544,3.81785,9.2302,-1.29815,165.785,1.37718,1.29586,-10886.4,94.3216,-0.207208,160,447.421,1.49957,89.3567,0.897223,2.36E+09,50.3343,2.28095,0.120234,1.19965,0.666303,0.374107,1.29536,6.90924,-0.851826,0.407165,-0.0574414,41.2673,3.05986,2.84968,292.196,-1.12102,-0.0701872,12.1671,1.16699,1.72514,0.000550532,-0.616739,-0.375774,6.05398,4.43417,43,-0.221611,8.38631,0.602831,1.39688,9689.76,14.7715,1.4139,0.329272,0.802437,2.23251,0.893348,1.35947,4.84833
250004,0.313229,89,0.588509,0.167705,2931.26,4.34986,1.57187,1.1183,7.75463,1.16807,0.671417,1.63982,128.023,17.3336,1.97164,0.252077,481327,0.102064,-0.442613,-0.636058,0.023135,13.507,10276.2,3.36025,-1.42571,5.31575,139.739,10964,3.0741,5.44446,1.14152,7.2739,0.262139,1.24172,118.918,778.04,7.34067,0.654133,1.2779,0.983787,-4.46793,-0.791459,0.124917,0.111257,174.786,50.4495,18.3246,7.89154,0.996365,164.209,1.36302,1.3113,-6608.04,97.9588,-0.181913,709,28748.4,1.62714,102.277,-0.248192,7.54E+09,121.86,4.11762,0.203425,1.23336,0.463874,0.253861,0.60342,-2.93654,1.20157,77.5471,0.0420326,58.9586,3.61125,1.85938,22610.8,1.16377,-1.96972,6.87258,1.15139,1.66279,0.012828,-0.20146,-0.0870815,3.44778,5.18196,94,1.48931,7.49886,1.21205,0.862502,2693.35,44.1805,1.5802,-0.191021,26.253,2.68238,0.361923,1.5328,3.7066
250005,0.609949,68,-3.13731,0.88176,163.023,5.8826,228.664,-0.182392,63.6632,1.1597,1.73729,-1.22222,157.465,11.8693,1.27083,0.175982,334172,0.17456,-0.552004,0.788962,0.0391393,6.03337,4095.06,8.15497,-1.04307,5.46039,131.577,83049,0.167088,7.25383,1.20318,5.91932,0.652841,0.890049,160.545,218.352,3.13618,0.630608,0.998924,0.791867,20.3537,2.34767,0.0715382,0.205694,358.702,37.8642,20.2463,3.72925,-0.727478,249.94,1.74156,2.05801,-1013.13,80.0648,2.453,1959,118.708,2.0499,75.3605,-0.169531,1.38E+09,66.5485,8.15027,0.267809,1.1788,0.0760395,0.247786,2.05441,-1.33746,1.28243,189.129,0.0504037,39.1607,1.4417,4.96219,-87.7653,-0.000640982,2.60165,10.8583,1.60155,3.13202,0.0276148,-0.264954,0.0279289,4.94769,3.95312,1056,0.969788,10.0127,13.8953,0.0326014,28575.5,34.3286,1.82261,-0.446656,-4.23949,2.64962,0.248836,1.57866,18.2697
250006,0.379637,25,0.401351,-0.663611,20223.8,2.0664,259.734,-0.75964,-14.8023,1.1736,2.35947,0.984905,119.001,13.2012,1.097,0.976913,3805012,-0.131543,0.37507,0.832032,0.812152,10.2915,474.621,6.95654,0.857459,1.18854,116.256,77382,-0.164413,4.42323,0.990264,11.5529,-1.1197,1.08443,131.973,117.294,10.2714,-0.204335,0.883538,-0.00808084,-3.19183,0.808776,0.0438155,0.108118,119.56,54.2506,6.94711,11.7321,0.407927,49.0363,3.47556,0.988886,35579.1,52.1022,0.655821,644,5780.71,1.25105,50.7719,-0.705621,2.04E+09,0.862287,7.80229,0.364964,1.18762,0.940361,0.214085,0.999766,2.73165,1.0286,148.155,-0.133857,42.4038,2.31447,6.28009,4937.55,-0.0184014,-0.879738,5.27341,1.19474,1.80641,-0.0361934,-0.486787,-0.488399,2.3793,4.91489,514,-0.336975,5.58764,0.629286,2.34013,65.7341,35.6971,1.63706,0.991386,15.8695,2.92071,0.487004,2.40466,12.1915
250007,0.0218078,26,-0.10596,0.444203,-42.4183,8.08015,39.6986,1.16525,2.16518,1.11857,-1.88504,0.811687,121.247,3.47048,1.24589,0.516646,29613083,0.0152568,-0.917716,-0.57548,0.0103537,24.6644,177.836,1.57457,-0.852609,11.9639,114.405,10266,4.29685,10.3553,1.14306,1.77703,-0.628278,1.84247,132.445,12.1471,2.35017,1.63958,0.837258,0.908992,3.51578,2.47181,0.134151,0.010943,186.062,117.239,8.04529,5.89203,-1.04885,55.704,1.11568,1.12893,35.4568,108.378,-0.481465,1685,-944.405,1.47696,85.7068,0.60607,4.82E+09,28.256,4.7234,0.0831435,1.15776,0.479363,0.235141,2.17486,5.45304,1.48555,59.7152,0.069442,99.1523,1.69741,3.06395,712.712,1.49292,-0.471667,9.69017,1.18911,1.51189,0.0107319,-0.694398,0.483202,7.15832,5.20371,60,-0.323331,10.4112,-0.660543,0.20372,8018.62,49.2281,1.59168,-0.395622,3.3607,2.72803,0.732935,1.55541,12.8629
250008,0.834312,130,-0.822551,-0.729246,2729.07,1.37737,35.7686,0.371092,8.54924,1.12929,-0.562454,0.717348,120.362,5.68008,-0.530475,0.605014,191269,-0.059405,0.520096,0.512765,0.277493,8.62991,8874.83,8.31979,-1.14221,2.36478,126.76,235,0.84574,5.14082,1.21292,6.80418,0.621705,1.24659,146.583,5.46619,10.5501,0.902872,1.23032,1.1166,7.53456,2.12758,0.101882,0.292578,19.2584,5.76462,10.9819,5.35543,0.946797,51.2118,1.38349,0.00312063,1971.25,80.6681,1.4159,1522,1855.54,3.78263,100.471,-0.186001,3.76E+09,48.3598,3.30513,0.320158,1.18704,0.0618469,0.0981077,1.74195,-0.348805,1.43859,71.362,0.0150551,119.869,3.20066,4.52802,2275.64,0.912865,1.15555,2.65686,1.02456,1.63184,0.00199844,-0.58363,-0.229624,2.7729,4.85182,-2,0.216872,9.04494,1.47787,1.38689,32.9142,29.0052,3.50167,-0.258625,0.87533,3.50338,0.430537,1.74039,4.33501
250009,0.867402,9,-0.433148,0.0955632,5260.24,14.0356,146.755,0.600824,41.911,1.25636,-1.29905,0.810028,116.906,12.1697,1.66954,0.730174,252860,-0.0256492,0.975429,-0.160578,0.15622,10.8295,-103.531,4.58372,-0.794713,7.87375,128.727,78240,15.3955,5.13183,1.26232,6.84021,1.00632,0.0621886,123.253,768.834,4.27118,-0.346259,1.24432,0.973838,-5.87359,2.04848,0.109183,0.248022,12.8953,0.0217147,5.55682,6.15083,-0.39355,54.0392,3.36235,1.39303,281.707,68.2462,-0.117675,18,22.1949,1.33943,60.0783,-0.633409,3.22E+09,70.899,4.7076,0.247936,1.22269,0.638685,0.229202,1.2137,-2.19503,2.69317,112.219,0.0358043,40.5757,2.85839,2.81337,13880.3,0.873488,-2.93919,5.12204,1.10012,1.19434,0.0224231,-0.315615,-0.926003,4.66461,4.3057,98,0.477838,2.53927,-0.62208,0.0461014,633.183,29.227,3.41113,1.05493,5.98777,1.9813,0.768701,1.23334,1.68458
250010,0.258398,12,0.36873,-0.0355984,-25.7161,1.46317,15.6159,-0.738176,108.046,1.04697,-7.63826,-1.56073,156.585,2.2993,1.58132,1.20036,8733716,-0.0925607,-0.773421,-0.862699,0.21625,6.66005,896.384,3.23418,-0.825263,7.65228,129.495,1034,2.68433,8.33763,1.19825,6.79103,-1.02807,-0.129972,143.957,130.959,6.26388,-3.50361,5.03847,0.859341,2.36415,2.17807,0.156713,0.244349,268.44,73.3776,4.57273,4.99825,-0.73661,108.49,2.32919,1.10191,-26807.1,93.0632,1.08218,1399,4666.63,1.79265,89.4883,1.60385,2.44E+09,36.6837,2.79444,0.145571,1.14615,0.0668865,0.223726,1.0016,11.3014,-2.31889,63.2621,-0.0312484,55.5984,2.53247,2.51049,357.392,-1.16057,-1.08014,5.24041,1.195,1.05251,0.00743452,-0.476757,-0.15231,5.21504,4.38081,9,0.627475,9.01248,1.16524,0.440529,-141.189,5.3684,2.11623,-0.297637,15.4465,2.6236,0.117621,2.37369,3.9281
250011,0.974047,10,0.450964,-0.811401,6268.92,24.4694,51.8356,0.825278,75.6679,1.15131,-0.46461,-0.446881,122.795,7.81455,-1.33241,0.236585,908428,0.00153189,-0.732219,-0.298688,-0.0108148,2.97644,4843.44,2.98756,0.842615,2.998,156.192,3877,5.32874,16.6117,1.09992,7.56674,0.806287,5.63157,128.571,694.872,8.53856,-0.596981,1.04402,0.879224,-2.08228,-0.659963,0.26269,0.0895577,15.6708,204.038,2.2792,1.82141,-1.02947,72.5943,2.78046,0.976987,11768.3,95.226,0.0503036,811,8531.28,1.13902,53.2111,2.16808,9.01E+08,18.0443,5.26513,0.266649,1.15718,0.405154,0.220463,-0.948945,-4.10453,1.54894,86.0074,-0.0549007,69.376,2.42048,3.74291,-32.7785,-0.686623,-1.14449,5.90905,1.17654,1.41017,-0.00189304,-0.242327,1.08,4.07568,5.45885,82,-0.434794,5.49663,-0.239853,0.267478,-53.3869,51.4262,1.6333,-0.0780906,9.53986,0.886361,0.380161,1.19148,7.7157
250012,0.144094,12,-0.767533,0.780546,3767.75,13.935,45.2868,1.26467,34.5632,1.10019,-0.463997,-1.26198,121.021,3.90041,1.68835,0.294999,1418316,0.00629045,-0.493564,-0.303798,0.931273,6.91127,927.5,8.60819,0.00649966,4.89968,122.791,12944,0.854248,5.07689,1.18294,6.80527,-0.0141763,4.6835,127.77,399.733,2.09607,-0.592705,3.01523,-0.493171,-4.86303,2.54752,0.0888051,0.475041,138,64.0517,6.66141,6.03157,-1.11004,51.4001,3.63555,0.972045,-159.144,74.1935,-0.260362,796,89.39,1.62472,96.1146,-0.0385849,3.62E+09,46.7559,4.66892,0.2717,1.33475,0.095799,0.249067,1.09265,2.42113,-0.438367,37.6605,-0.0241766,26.4988,2.64106,1.92426,161.086,-1.17844,1.48299,6.36139,1.23565,3.45209,0.00996051,-0.574023,0.283639,2.40182,4.39458,59,0.257412,3.98538,0.801741,0.393821,15563.9,36.7357,1.39188,-0.250632,7.71202,4.58066,0.14923,1.43404,9.44443
250013,0.302338,16,-0.239241,0.00646148,961.725,5.09183,169.14,0.466074,71.3636,1.14886,-0.0152114,-0.63199,160.898,9.4384,1.71132,0.236155,21278201,0.0272255,1.74118,-0.307267,0.0861259,6.70566,1926.88,2.59187,-0.191952,9.39686,150.525,80530,-0.462653,4.52803,1.1642,13.2743,-0.910748,1.34034,128.216,4.38327,7.1233,1.0902,1.07489,0.598676,2.6248,2.37548,0.218679,0.449498,57.7897,66.1569,7.16496,3.16526,-0.715167,86.36,3.16435,1.57495,72536.2,96.3217,2.13536,1125,11424.4,3.91427,69.0142,0.104928,6.06E+09,98.3572,4.74724,0.307183,1.14762,0.521943,0.294474,1.67501,-4.05592,1.97423,87.5231,-0.0181018,76.3744,1.65226,2.32231,-6284.34,0.694686,1.49004,5.45273,1.15303,1.41087,-0.00254189,-0.424135,0.640548,6.9023,3.48743,390,-0.28026,6.94367,-0.154636,0.595255,15619.5,20.9411,1.34775,0.237599,7.70183,3.64387,0.245364,0.996493,1.58174
250014,0.824332,3,-0.421033,0.450654,158.247,9.39394,19.5246,0.921732,48.2003,1.17294,4.37253,-0.670273,122.896,5.27564,0.423703,0.291418,15258446,0.109054,0.750586,0.901353,0.0352263,10.5739,2922.17,4.84203,-1.038,3.30807,132.711,74220,-0.00121472,4.70289,1.13132,5.96266,1.53905,2.70276,133.218,28.4385,2.11383,-0.543765,-0.519859,0.986601,1.97716,2.40384,0.285678,0.517779,30.0648,41.5219,10.8848,9.44688,1.18657,48.7545,1.39296,2.0129,-94.259,49.0424,0.804949,809,9.69355,2.19798,74.137,0.55691,4.66E+09,116.315,4.49247,0.247044,1.53098,0.211303,0.164711,2.04676,8.5729,-0.86989,61.7116,0.0784312,38.6789,2.43114,0.0712317,-45.8085,1.39883,13.0523,3.50882,1.14888,1.1981,0.0060038,-0.666343,-0.10006,4.15408,4.58701,112,2.0974,2.40168,8.48857,0.418177,-264.886,-2.45365,1.49944,0.330174,27.8077,1.58112,0.255727,1.22177,19.3029
250015,0.703348,43,-0.570424,1.24412,4952.61,8.95827,21.6504,1.23479,59.672,1.09832,-4.41465,1.00099,153.859,4.84393,1.17951,0.302261,5506500,-0.00760318,-1.32266,-0.512837,0.385997,10.8759,-123.933,4.27239,-0.822844,6.44859,131.602,15828,0.859459,6.13963,1.65176,6.4241,-0.460632,0.76226,124.055,108.044,7.97166,1.6461,-4.07093,-0.844538,-2.07019,1.42946,0.0919454,0.436794,77.1128,391.5,7.09934,8.36573,1.52296,37.7914,1.63933,1.70445,102.448,96.9147,1.3046,682,3251.53,1.77574,114.361,-0.331824,4.92E+09,56.6701,3.75928,0.242537,1.18088,0.58223,0.24458,2.0787,1.96464,1.33287,60.0841,0.0697623,131.836,2.48095,3.06423,1318.49,-1.37621,2.4516,4.3295,1.15217,2.32887,0.00256331,-0.395479,-0.232781,4.044,3.73353,-9,0.265856,2.69337,17.2209,1.58918,52.6231,15.9015,4.03436,0.429638,8.66938,2.10462,0.522855,0.984435,18.4584
250016,-0.0296749,20,-1.03829,-0.86979,1600.12,11.3485,-0.381433,1.50817,17.337,1.18209,-0.569815,1.07896,155.603,1.55016,1.27836,0.891807,12981667,0.0279112,-0.622929,-0.281939,0.597722,12.6516,876.631,8.87317,0.0108909,5.28068,131.04,83702,35.0703,9.75419,1.15478,5.77945,-0.00351484,1.16464,141.662,28.0066,3.73944,-9.88672,1.86818,0.887645,1.34002,3.08719,0.290917,0.300953,199.761,162.169,7.36445,16.0821,-0.236622,53.2143,2.78693,0.798787,1564.62,86.4258,-0.214112,1774,3356.83,3.42662,37.1873,-0.0512582,5.41E+09,78.3852,5.30231,0.232154,1.33062,0.0405505,0.123688,0.896737,-5.71396,-2.69667,62.6709,0.113508,42.8158,3.38187,3.22853,-103.758,-1.1117,-2.78005,6.6317,1.14047,1.50879,0.0239557,-0.145525,0.0850465,5.11508,3.59559,28,-0.682655,6.16432,35.5878,0.223081,1985.27,28.9016,1.46583,-0.656163,-9.59524,3.03613,0.582954,2.31241,3.45525
250017,0.634806,38,0.979968,1.27601,-5.48273,2.19504,246.679,-0.859357,49.1188,1.14487,-3.70634,-0.178171,144.3,7.43782,2.07108,3.17815,26175339,0.00424289,-0.392771,0.83601,0.861577,5.79135,7247.61,3.02175,-0.850377,20.3899,137.785,72048,-0.626235,4.35274,1.38089,7.68407,-0.950965,0.385193,109.811,72.0892,13.5904,1.26695,-0.803455,0.687783,-1.23518,3.00949,0.126155,0.459376,46.3625,-0.30509,4.75583,0.651916,-0.98153,121.994,1.36154,1.7505,35885.6,71.7912,0.157662,958,12.88,1.11332,71.1661,1.3751,1.64E+09,6.32263,3.65344,0.278883,1.16181,0.589676,0.0695559,1.20029,5.51124,1.59735,140.604,0.0547546,61.7629,2.36033,2.33276,3672.5,1.39341,3.41719,6.086,1.08751,1.53445,0.0105711,-0.650671,-0.779332,3.45119,5.57153,404,0.267964,7.41061,-0.448918,1.6718,1386.22,36.809,1.31756,0.385155,-4.94414,2.19057,0.705521,1.2371,10.037
250018,0.719054,58,0.800899,0.783831,1098.77,5.38942,12.3218,-1.53156,65.3344,1.31815,1.50697,-1.19206,129.169,2.38664,1.65389,0.417723,1229098,0.0335159,-0.513527,-0.887834,0.0830695,11.0384,13985,12.9237,-1.37913,3.70476,116.904,78534,-1.25212,7.16048,1.1752,7.49518,-0.435049,2.05758,142.854,128.638,2.8615,0.768933,3.06623,-0.208094,6.25211,2.7422,-0.00152994,0.453271,146.221,190.864,8.73329,6.69486,-0.823887,250.981,1.28545,0.352076,14499.5,88.8101,0.335008,-8,-221.355,1.54151,76.2811,-0.637581,4.93E+09,32.784,13.1258,0.166257,1.14525,0.727745,0.147545,-0.74891,0.609878,-0.0435256,59.1102,-0.205425,68.3226,1.77744,-0.0228468,404.809,-1.16581,5.11541,6.65957,1.1397,1.30416,0.00842531,-0.435408,0.140902,3.43706,5.23141,19,-0.157767,10.4123,0.088598,0.0813352,21642.5,23.6693,0.982831,-0.426536,10.3013,2.24802,0.468023,1.69511,9.63756
250019,0.518804,12,-0.977435,0.836622,3337.1,14.7716,13.5007,0.552187,-161.031,1.23567,-3.34292,1.1655,129.63,5.20428,1.10539,0.198874,362020,-0.0361424,0.549758,0.477289,0.386181,5.25794,2000.34,8.80652,-1.13365,4.14807,127.538,82446,-0.559644,8.8285,1.11773,8.11216,-0.870006,3.52605,143.971,473.967,11.8012,-0.35948,1.23923,0.973,-1.61344,7.33328,0.126229,0.552906,37.0676,235.496,6.14209,6.20248,0.891408,28.6113,2.52265,0.851861,-6357.99,73.1593,0.543737,35,2005.94,1.0413,85.894,-0.174629,3.35E+09,92.2713,3.63209,0.249491,1.04361,0.452923,0.222209,1.01652,1.00164,1.53525,119.525,0.06775,81.0097,2.34558,2.01464,134.807,-1.19087,-2.1985,8.77918,1.16666,2.9746,0.0112629,-0.279797,1.0844,2.17479,4.60169,107,0.0101906,9.99638,7.95392,0.279507,4814.14,47.9195,1.44165,0.107638,-3.87848,2.68904,0.230785,1.24878,3.27892
250020,0.0357822,46,-0.0766066,-0.339864,942.078,11.8212,250.961,-0.326605,-37.0627,1.38771,-0.0601474,-0.847159,126.085,14.9013,1.32831,0.421521,5730402,0.0586253,-0.501851,-0.456104,0.0334777,7.02258,4815.74,5.22245,0.190197,6.54479,120.128,12232,2.92586,2.29377,1.12762,3.05471,-0.981294,1.9447,164.458,216.685,1.7172,-0.928235,1.18916,1.0691,10.7165,1.52819,0.195919,0.419555,49.9295,1.32807,1.43293,4.83748,-1.19342,25.7082,1.3782,1.63998,21498.9,43.5224,0.11141,535,-121.178,1.80615,89.5984,1.1283,4.44E+09,54.7081,10.5742,0.227949,1.16127,0.608379,0.201762,0.958527,4.49097,1.44624,107.609,-0.0440779,88.0075,0.74542,0.757223,-12.8237,0.0576874,1.99126,7.99498,1.16426,3.44727,-0.00275419,-0.0975609,-0.0991854,7.05366,4.50844,83,2.5588,10.0668,1.20122,0.284809,11.0037,6.32047,1.41193,-1.03976,8.09364,1.46214,0.96503,0.901141,16.3427
250021,-0.0102541,216,0.655152,1.08506,-173.802,10.8133,91.4386,1.01709,-16.291,1.07349,-7.22054,-0.574553,150.014,14.6749,-1.66829,1.16071,8554546,0.0912889,0.584596,0.253458,0.0113956,12.912,-1403.24,4.91809,0.158011,1.23423,126.485,1990,0.747353,4.30206,1.06778,5.75984,-0.984466,-0.106989,150.342,87.5554,2.67019,-2.60861,1.52779,0.78003,-3.13953,2.86026,0.0747206,0.459172,56.1459,96.9536,4.96974,3.90674,1.08821,246.293,1.40062,0.889832,-193.612,104.037,1.11592,13,123.924,1.48964,78.0152,-0.107238,1.78E+09,47.899,3.71595,-0.0107055,0.98163,0.0643387,0.346435,0.986813,2.23323,1.17003,36.2404,0.0152826,57.258,2.50287,4.53447,-116.628,1.02546,2.13869,7.66939,1.04355,1.33063,-0.00123595,-0.762482,1.49842,3.28631,4.14487,531,1.30786,10.0525,3.16972,0.15202,3172.22,10.0042,0.982317,-0.496227,15.0562,0.976271,0.605584,1.21642,0.944796
250022,0.979011,101,-0.283285,0.102172,15188,11.0524,643.522,-0.992454,58.712,1.13854,-3.70948,1.19788,121.451,8.36793,1.40637,0.43216,11958775,-0.0764423,0.301481,-0.84651,0.0485625,4.50662,4497.6,15.3858,-0.985594,2.2916,165.534,2387,6.5932,7.36017,1.22208,8.04224,0.808054,0.548636,124.043,11.8915,8.37674,0.72688,-0.363795,1.19928,-6.74263,2.87205,0.222811,0.06788,36.0746,66.9738,13.7976,0.0220626,-0.391619,17.7751,1.36246,-0.386599,113749,67.2105,0.797247,1229,208.706,1.44208,81.6251,0.451302,1.80E+09,67.3788,1.68193,0.285225,1.05938,0.516626,0.0613626,1.10896,-15.8352,2.55004,91.1017,0.0740234,56.0414,2.57613,1.48489,239.386,0.737777,-1.44453,5.76946,1.13063,2.77595,0.00975636,-0.193163,1.19819,2.59274,4.47459,45,-0.335766,5.78366,2.52109,0.520438,4566.47,42.755,2.09298,-0.746381,10.1581,2.73135,0.455836,0.759881,12.1561
250023,0.249782,0,1.62629,-1.28467,354.219,13.5378,99.0412,-0.470208,1.97404,1.16984,-0.839597,0.197098,158.266,6.52554,2.5272,0.499679,9585384,0.170215,0.699092,-0.830231,0.907403,27.8014,274.312,5.82319,-1.04373,10.8215,171.831,84450,1.50926,7.4108,1.13433,3.94154,0.568294,0.928973,124.413,28.6747,6.98272,-0.0278678,1.30607,0.648766,3.40698,2.61525,0.133976,0.364408,11.95,242.1,10.9237,3.9527,-0.496544,53.3699,1.38012,1.34044,-13081.1,84.3775,0.803814,-99,1652.31,1.59405,97.2169,-0.259616,6.29E+09,16.7272,0.133128,0.264094,1.18866,0.0202549,0.230204,0.915155,-2.5628,1.45391,70.8263,0.0669954,45.1132,2.13658,4.30836,337.167,-0.976706,-2.18276,5.94159,1.14043,1.03095,0.0208683,-0.768327,0.366314,6.77689,0.397878,29,0.0851497,18.6932,7.91271,0.305935,-46.2403,11.6173,1.47135,-0.520991,-0.951299,2.4288,0.650106,2.4284,6.72816
250024,0.591263,162,1.06539,1.09572,1027.27,3.23076,9.76114,-1.08482,118.639,1.52557,0.815809,1.21353,131.688,2.3547,-1.26858,0.298031,18354990,-0.0616685,-1.31808,-0.703871,0.0801168,6.61452,6959.02,9.46024,-0.574089,10.9028,127.508,1608,8.35607,6.99616,1.23586,7.6236,-1.27418,0.92997,158.249,152.216,3.21291,0.74647,1.09137,1.18765,-5.89752,2.23628,0.134529,0.517022,18.386,45.0059,7.05787,6.78401,-0.696262,212.057,2.491,1.35283,-641.321,74.7188,0.671576,1268,1344.61,2.7807,93.9703,-0.125746,4.45E+09,64.2874,4.07566,0.330975,1.12644,0.589918,0.0632204,0.808323,-8.92011,-1.92595,69.0723,-0.118597,71.3292,2.80559,4.916,516.302,-0.707404,-0.718297,4.81467,1.1282,2.31715,0.00678735,-0.171517,1.82795,3.28678,4.46781,39,0.129216,4.11083,20.0785,0.815437,4052.06,17.6315,3.67951,-0.343986,9.80904,4.03299,0.640177,1.43042,6.00601
250025,0.937182,29,-0.117131,-0.989662,8247.98,10.3366,541.278,0.00897474,97.1594,1.11728,4.0596,1.27808,150.193,2.30169,1.01993,1.59826,18460566,-0.0581364,0.830171,0.415758,0.329704,7.87237,14445.7,9.55613,-0.619222,1.64646,155.271,81181,-0.602054,2.2414,1.17395,6.66674,0.0110285,2.01351,130.348,408.708,7.34457,0.618443,1.11005,1.0019,1.28676,2.76339,0.242698,0.639589,12.5601,199.866,5.8981,-0.427042,0.599497,25.5507,2.53482,0.87186,18096.7,111.788,0.31368,1333,-16.7799,1.27153,90.1022,-0.415519,7.42E+09,52.4075,4.40936,0.38873,1.14819,0.553935,0.260892,1.04483,5.40366,1.17389,63.8136,-0.0022611,141.532,2.60974,3.52721,678.194,0.615223,1.96837,5.78663,1.31298,2.24728,0.0083298,-0.361343,-0.167095,2.14088,4.3049,12,0.15221,0.973317,0.390707,0.10007,560.372,66.0368,1.60054,0.82857,-4.86388,-0.182507,0.876903,1.66442,7.49239
250026,0.0245733,18,0.394022,-1.04737,10754.4,3.64248,25.5359,1.23117,44.0742,0.982679,3.32044,-1.00302,116.299,6.28272,-1.78798,1.09895,12373898,0.132024,-0.432899,1.01819,0.381901,2.78276,1071.32,5.63892,-1.10418,5.76362,130.266,77895,11.3662,5.99317,1.66506,7.65258,0.859976,1.15941,142.967,-0.328098,8.44159,0.644199,5.97718,0.991054,7.27971,2.67854,0.0928607,0.175679,175.611,17.1749,2.84361,6.56327,1.27639,32.0088,2.26522,1.13871,-3513.63,74.8444,-0.165609,1729,10291.3,1.70906,91.6074,1.34739,5.92E+09,64.8754,6.06661,-0.020255,1.08591,0.253755,0.0443577,0.986845,-2.12501,1.63374,135.312,-0.0398133,103.411,1.80645,6.63536,353.66,-1.48429,1.12199,6.11803,1.17244,2.13392,0.00191868,-0.527242,-0.846325,7.27277,4.09409,90,0.268925,5.19464,-0.10362,0.0826167,3814.82,28.2092,1.53974,-0.576568,-7.28224,1.34191,0.467641,1.40734,6.62337
250027,0.474282,5,0.977771,0.557781,2359.14,5.03167,62.0888,0.632143,-230,1.17862,3.60284,0.130083,151.616,0.69709,1.09195,0.0909785,480149,0.0248151,-0.442497,0.282549,0.362283,4.36974,353.031,9.0007,-0.00968734,6.05131,166.259,77854,22.222,4.43323,1.32961,6.2085,0.719398,2.47864,121.404,10.6599,5.96612,0.907902,3.95819,0.851313,0.316719,2.85235,0.419033,0.538038,82.7027,42.0579,2.89586,2.60062,1.6322,104.419,1.48675,0.00939979,141105,42.9406,-0.0156407,1109,4361.19,1.45466,96.4502,-0.383747,5.58E+09,68.9354,4.72838,0.249668,1.15721,0.672243,0.255634,0.933882,1.5557,1.50383,96.6496,0.066519,70.6562,2.75736,4.24199,709.265,0.979607,1.36415,6.89038,1.17303,2.02081,0.00121883,-0.632532,2.48434,5.08521,4.39499,390,0.368905,10.9316,24.095,0.305778,34633.1,11.3254,1.64678,0.471563,1.11907,2.63343,0.37857,1.2665,2.71893
250028,1.00221,56,-0.125875,-0.707109,3818.88,14.6124,24.8545,0.879417,197.579,1.17947,1.35206,1.21657,125.505,11.6112,1.24916,0.314943,13758714,0.00178391,-1.42626,0.948446,0.158567,11.2007,1323.5,10.0918,-1.16797,5.00752,136.155,80879,0.92328,7.08603,1.10402,6.46234,-0.301874,2.14915,126.93,322.235,7.89465,-0.89341,-1.64392,1.19027,-1.47614,2.34435,0.14454,0.394153,150.465,18.2345,5.5351,5.37762,0.00694096,160.769,1.28236,-0.00629749,-4618.51,88.4291,2.0183,3,2667.61,1.65682,78.0915,-0.487947,4.28E+08,94.464,5.76499,0.173942,1.11246,0.504819,0.254162,0.647229,-8.15801,1.5929,69.2248,-0.0697052,117.701,2.7084,2.66377,27121.5,0.71304,1.10742,4.83856,1.24701,1.51146,0.0276103,-0.279401,-0.0798686,3.3138,4.84133,14,0.632592,7.57523,-0.929786,0.251887,4262.48,15.4421,1.7892,0.372753,5.11678,2.15781,0.586085,1.20315,13.6014
250029,0.525265,66,0.591755,-1.18864,1234.8,8.63115,151.807,0.364926,-18.0951,1.30944,5.04282,0.861413,120.37,2.42401,1.26003,0.677239,1333924,-0.0244449,0.803546,-0.986256,0.00102489,4.76448,361.645,7.81607,-0.817952,6.97905,165.348,4364,22.0359,5.30393,1.18246,4.58796,-0.428735,0.670058,129.075,238.905,15.5887,0.557642,-0.473799,1.1676,13.9539,3.18889,0.304963,0.299251,113.641,36.7749,10.5879,11.086,-0.350047,49.442,2.74622,0.249088,3632.59,99.3647,-0.598619,647,70.1933,2.69071,98.449,-0.771627,3.48E+09,40.9566,1.24677,0.0487605,1.12199,0.553873,0.119646,1.01091,2.61058,1.39857,113.252,0.225205,31.9237,2.55175,4.86113,14.756,1.49426,1.5249,5.92073,1.28964,1.33149,-8.54E-05,-0.445014,0.217432,1.51004,4.57404,522,-0.745981,3.88128,11.6267,0.680411,17416,10.905,1.49081,0.142232,12.7333,3.57922,0.823587,2.32368,25.4414
250030,0.504967,116,-0.949003,0.00574786,-449.875,4.24064,79.1618,0.734797,-24.4571,1.1344,0.381577,-1.26454,152.001,6.11481,1.16957,1.45507,13551574,-0.0160582,1.2643,0.24103,0.196447,7.91461,1195,8.99375,-0.742513,2.98675,158.291,11164,26.217,7.47693,1.1758,5.49801,-0.937058,1.94753,150.327,19.0799,8.40424,-2.55248,1.42396,0.707263,5.06024,2.32148,0.256398,0.257928,17.1816,97.7495,3.98314,7.28125,0.55365,131.397,3.52376,-0.00727904,18543.4,90.1865,-0.357142,5,-210.297,1.73537,101.963,-0.255158,7.33E+09,42.682,2.69789,0.245856,1.16156,0.448656,0.182397,1.08889,11.6761,1.43228,64.5935,0.292324,15.6909,2.48588,2.88945,474.563,-0.801173,-1.87673,5.53983,1.1037,1.53811,-0.000447765,-0.541103,0.201508,5.0904,3.05462,26,-0.169043,7.93214,1.74903,1.0332,5526.37,42.113,1.24601,-0.529785,-3.17698,3.12553,0.267471,1.23312,6.81196
250031,0.0252211,213,0.844152,1.39551,13631.9,9.8415,65.9998,-0.62887,-11.9726,1.43446,-4.32578,1.02866,156.608,9.64248,3.58183,0.616516,25734613,0.00929352,0.498432,0.878385,0.138876,15.4078,588.553,12.7897,-1.09082,2.38425,148.435,87730,0.437525,7.46488,1.2884,5.57072,0.548353,1.55876,155.226,1.69931,2.37176,-2.33498,1.09707,0.840269,-1.29498,1.67998,0.108093,0.393878,252.712,324.081,8.66523,6.97164,-0.615433,29.1254,1.41425,1.10345,86051,83.9616,-1.06222,2451,-49.8379,1.53313,80.5052,0.333162,8.87E+09,28.8247,9.2999,0.10424,1.11105,0.331666,0.278201,1.11503,5.33258,-5.28122,4.82653,-0.0860933,9.97111,3.42636,3.83466,153.962,1.39897,1.61119,7.12553,1.27639,1.27399,0.000317836,-0.208605,0.480881,3.99681,4.48062,509,0.0167364,4.10097,12.7625,0.90163,539.608,37.3355,3.2934,-0.202801,-6.52081,0.470744,0.725909,1.39787,5.56791
250032,0.992349,114,0.613391,0.47558,3341.62,0.569601,25.5353,-1.04423,97.6261,1.08422,3.17907,0.254808,120.89,1.26889,1.69225,0.718666,348554,0.0132554,0.822472,-0.387453,0.104941,2.24952,728.089,3.16914,-0.850784,1.61646,168.751,76156,2.95187,0.816556,1.28887,6.08117,-0.962658,1.53393,122.486,407.855,8.06725,0.175365,-3.61194,-0.933836,3.01494,2.18145,0.126081,0.651713,77.4757,21.3342,8.14502,3.69708,0.525521,59.9289,1.59924,0.979188,41930,46.9694,-0.146611,1289,5867.94,2.40096,125.496,2.09964,2.54E+09,64.9021,5.9167,0.337385,1.1442,0.436151,0.309059,-0.443036,-5.63723,1.51127,66.9576,0.0252933,79.6396,3.51436,6.22527,747.514,-0.0724871,2.98567,6.93503,1.16072,3.7196,0.00186547,-0.429586,0.204655,2.67197,4.53265,84,0.396684,9.16626,-1.21519,1.25527,3842.08,24.0774,1.473,0.332998,11.2347,1.78903,0.293569,1.40914,8.22165
250033,0.557542,6,-0.321157,1.44877,6930.42,5.99222,422.216,1.28498,104.024,1.23104,1.27516,-0.605684,138.613,3.44212,0.449185,0.833736,18686941,-0.0238059,0.531495,-0.0430348,0.0571982,9.99884,16196,6.3301,0.209222,5.88729,142.931,12164,3.93228,5.47483,1.12698,6.42844,-0.416724,2.99396,156.138,354.07,3.83451,-0.355831,1.08564,0.622462,9.40448,2.46283,0.0284763,0.0839769,116.471,116.201,5.57577,9.20959,1.37584,95.1356,2.68947,1.44399,432.651,83.7323,-0.675936,1174,2124.14,2.49684,71.9475,2.74937,4.32E+09,6.72411,11.1011,0.252099,1.13142,0.205668,0.307095,0.816531,3.62939,2.29396,42.8701,0.0780196,74.2996,1.59022,7.12746,-32.7308,0.0177124,4.02131,5.40598,1.43885,2.44546,0.030119,-0.213591,-0.184131,0.885934,4.25943,12,-0.312393,7.37135,-0.0531122,0.442001,3475.45,23.3098,1.06693,0.47637,-3.12653,1.5845,0.248059,0.974923,12.2275
250034,0.0243159,42,-0.78627,-0.0991322,170.216,15.4663,155.184,0.34146,92.1615,1.13653,-5.56644,1.53821,123.678,8.34032,1.03119,0.24672,14340335,-0.016524,0.414872,-0.539493,0.996082,4.83818,992.629,5.498,-0.789877,7.8532,125.694,84703,3.22792,6.3116,1.18912,5.35113,-0.711988,1.83045,126.014,204.131,6.48132,1.46342,1.7579,1.05468,10.8345,4.20424,0.291365,0.196497,24.8067,208.885,6.57546,4.97759,-0.649211,49.0067,2.73343,1.25208,-133.497,103.044,-0.464291,2280,982.001,3.57925,89.327,3.21639,3.55E+09,3.37718,8.48321,0.213359,1.6692,0.629227,0.180738,0.74833,24.6711,1.75452,149.508,0.245595,71.1463,3.6195,3.37185,-71.1437,0.00606633,1.58984,5.20857,1.1135,0.750032,-0.000312564,-0.506866,2.04323,3.48233,4.6644,29,0.55211,2.71707,-1.52161,0.206691,555.977,-1.20575,1.33259,0.733039,5.48024,3.11899,0.391492,1.25291,10.5456
250035,0.968666,35,0.623306,0.266441,20308.5,5.08987,108.559,-0.159415,90.5265,1.17617,0.772853,-0.0799809,155.912,7.47967,-0.792582,0.23774,10267095,-0.123805,0.622796,-0.417748,0.778206,9.55026,6234.83,7.24794,0.448915,9.93693,114.285,82094,16.4039,3.07381,1.13119,6.59193,-1.42332,1.53838,126.15,711.856,4.69053,1.48797,2.82703,0.999723,1.29102,2.24666,0.185876,0.20668,21.0369,105.319,8.88394,12.5522,1.46718,75.388,1.25017,1.3936,297.819,84.6881,0.410066,1806,95.2928,1.7399,91.2005,0.0254826,7.13E+09,28.975,3.13638,0.260653,1.21088,0.506198,0.160941,0.85464,9.30298,1.63152,90.0778,0.0038747,92.053,3.55273,3.96194,1660.95,-0.400066,1.12236,9.74964,1.32289,1.81,0.0016036,-0.360888,0.580199,2.94905,6.63531,110,-0.434578,3.75572,-0.535941,-0.025951,12683.3,12.6565,1.56286,0.448309,-2.59356,1.13185,0.39347,1.92633,1.38531
250036,0.48145,43,-0.476604,-0.754322,245.763,9.59526,331.982,0.625013,135.427,1.2245,1.53927,-0.430285,112.12,11.4725,-3.60131,0.948557,13787782,-0.226393,0.162965,-0.369608,0.0896145,5.23006,6982.37,5.70728,-1.09836,7.36905,129.947,82115,5.75146,6.54306,1.31232,4.05111,-0.67309,1.57294,141.65,60.4304,3.90358,-0.63393,0.998942,0.624877,-8.80221,1.94132,0.051317,0.489934,95.1931,140.925,8.66629,3.08015,-1.18108,40.5854,2.4305,1.34113,-1973.77,101.255,-0.0855828,481,2954.51,1.80825,82.2432,-0.628067,1.06E+09,104.653,5.61271,0.284904,1.15272,0.452097,0.2223,-0.216974,-3.36584,1.95535,98.6945,0.152423,53.7138,3.51235,5.26836,2531.46,0.812221,1.00879,4.7353,1.19397,2.33015,-0.00163492,-0.604955,-0.120017,0.940926,5.22882,403,0.382056,2.12114,-0.673907,0.158515,41630.7,36.587,3.13306,-0.0997422,10.1403,2.26661,0.817527,1.58638,1.09532
250037,0.42558,81,0.354401,0.815827,7415.26,3.36759,105.559,-1.1266,18.3512,1.22534,-0.141025,-0.410857,130.892,4.57059,0.840968,0.744039,12844546,0.0352323,0.533574,-0.736903,0.034567,25.5391,5770.37,3.57153,-1.51186,7.18534,110.403,77194,19.2782,4.98873,1.12465,4.46854,0.793694,1.99966,156.518,118.496,9.67276,0.913058,1.42113,1.02223,8.1599,2.8089,0.191447,0.281957,26.6119,70.0957,1.80931,3.83616,-0.845138,58.4682,1.70207,0.994769,-40346.4,96.4614,1.56112,1260,922.663,1.94878,92.218,-0.412716,5.61E+09,88.8043,2.9279,0.141339,1.05703,0.564799,0.0905838,0.880843,-1.12695,-1.18118,118.514,0.159592,26.8184,2.26839,0.718033,2890.67,0.372532,1.0921,7.0452,1.4723,1.79636,0.00982598,-0.198142,0.711901,2.30192,4.51701,22,-0.168329,8.78277,-0.00846618,0.224932,22488.5,19.2841,1.47074,-0.781829,5.82077,1.59194,0.527604,1.27797,8.33938
250038,0.961714,106,0.26124,0.972006,137.648,14.5348,50.0281,0.908572,-128.597,1.19017,3.1871,-1.08746,125.778,5.78324,4.05658,1.34961,12019966,-0.0592971,0.694653,0.0881117,1.049,8.36109,63.3984,20.855,0.242436,5.72014,130.362,81199,4.35051,6.1981,1.16732,4.18897,0.7526,1.22629,152.427,352.006,5.8466,1.85497,1.28053,1.01049,-2.24365,2.27227,-0.00494782,0.239942,47.8371,216.666,3.45167,2.57518,-1.52694,115.605,3.65118,-0.00630554,521.066,98.4701,2.84347,649,50.2566,1.66318,49.1735,0.182713,6.83E+09,29.3785,1.23095,0.203983,1.15797,0.0670305,0.262823,1.21721,2.87108,2.21042,1.5336,-0.0674637,26.5799,1.64406,3.08742,2214.09,-0.0201415,-0.919164,6.15097,1.15589,2.31696,0.00127573,-0.260472,2.06869,4.80502,6.38959,39,0.000366273,3.27176,-0.87899,0.592829,5650.26,3.21925,1.62419,0.728451,8.10465,1.55783,0.763902,1.54827,0.99031
250039,1.00586,11,-0.2097,-0.0692578,150.821,13.4197,59.7646,-0.556913,27.7479,1.09713,1.42026,-0.961788,162.09,11.9372,1.22198,1.13209,561765,0.0757596,0.313484,0.635231,0.00600661,11.5991,10272,7.19214,-0.0908049,5.7505,151.554,82857,-1.29281,7.69357,1.0443,9.02628,0.625178,1.94734,155.546,65.3386,5.96522,-0.161426,-2.99773,0.893559,-9.82443,2.3292,0.152851,0.462336,116.857,98.4583,9.40357,5.87195,-1.21788,172.435,2.69857,-0.0277158,36967.7,94.763,-0.646457,48,233.892,1.5816,58.2209,-0.39348,4.86E+09,134.094,2.06677,0.141557,1.17048,0.628546,0.0368445,0.99203,-13.4509,2.28086,51.9893,-0.026683,57.8868,3.45521,4.18973,2660.91,-0.736713,3.39904,7.6877,1.21372,1.5341,0.0122942,-0.179564,0.540463,2.44923,5.44587,23,0.286836,4.85214,5.27508,0.531401,-62.6745,34.6795,3.05567,-0.355255,-0.536641,4.1366,0.283503,1.58058,7.72786
250040,0.457535,117,0.69002,-1.01393,155.883,2.89783,24.4204,-0.686137,273.863,1.13492,4.92391,0.540615,150.3,7.19741,-0.834673,0.440831,12706194,-0.0474718,0.304493,0.181337,0.420661,10.5638,9388.84,6.66534,0.557098,6.68605,169.84,15495,16.7224,7.29229,1.1079,8.37316,-0.0134374,0.907379,128.021,71.1436,5.03553,0.568069,1.11267,1.58047,-1.5873,1.25973,0.239265,0.524053,251.199,84.658,13.8183,9.90414,-0.618713,117.99,1.61041,0.0208778,49484.3,80.035,-0.350803,339,5611.63,4.18253,101.274,1.31744,1.77E+09,143.989,1.12435,0.22633,1.24957,0.449501,0.24817,1.02368,2.08934,0.89016,45.5597,0.0155402,112.342,1.87311,4.00137,997.642,0.640072,-3.19624,6.29188,1.18365,1.69277,0.00145509,-0.508136,0.617006,6.4276,4.17311,56,-0.540345,3.57594,19.2112,0.00187619,10554.7,9.76034,1.60045,-1.30796,-3.62147,2.38209,0.197363,2.21955,3.12132
250041,0.589151,49,0.472003,1.21733,5632.95,7.34715,9.4574,0.841565,12.8482,1.21271,-0.604179,-0.570993,123.817,7.71288,-1.37871,0.440768,25587474,0.0293308,0.992935,0.442392,0.19197,13.8378,181.608,5.1101,0.95309,5.85425,140.632,13422,-1.19674,5.97061,1.29033,7.19508,-0.570519,2.74044,121.037,264.993,2.91197,-0.68656,1.31337,1.5193,3.23036,2.40257,0.00215523,0.700514,46.6355,51.656,4.91559,3.01132,0.437924,36.4609,1.16675,0.523868,-2697.58,83.3821,-0.199461,1221,2125.88,1.4277,89.9852,-0.0825278,5.37E+09,26.48,1.64124,0.43638,1.16995,0.766218,0.152742,1.35927,2.27757,1.86564,51.5064,0.197207,75.0295,2.6406,1.21082,343.447,-0.730238,1.48903,7.52482,1.13147,1.3744,-0.00081201,-0.11729,-0.0296918,4.37435,4.43832,1072,0.35314,4.6444,0.965621,-0.0271779,85.427,14.0694,3.61522,-0.455957,-2.44752,2.41388,0.50038,1.37165,10.2571
250042,0.743967,10,0.54547,0.531053,-82.315,10.0487,45.2515,0.848356,62.3204,1.41821,0.373367,-0.836514,156.399,15.7681,-1.88541,0.827636,20492894,-0.0151858,-0.573019,1.10452,0.684186,7.83273,-46.6267,7.70712,-1.44865,7.97363,149.019,3183,-0.333231,7.442,1.11679,4.33397,0.518297,1.46444,124.864,230.998,7.88652,-1.75541,-2.57659,0.734657,4.64386,1.72973,0.11479,0.642649,12.7107,9.78916,5.3257,5.6931,0.344417,207.744,2.31286,1.54594,1693.79,56.1777,-0.182959,909,737.712,2.5437,90.0933,1.80282,3.55E+09,57.6488,3.86619,0.0451107,1.12495,0.334889,0.234788,1.10199,-9.942,1.32123,82.4874,0.0533583,33.973,3.28946,5.65841,119.053,0.546508,6.29779,2.89453,1.54961,1.3613,0.0118192,-0.456051,0.26449,2.11814,6.63255,525,1.12928,3.77167,6.5496,0.620259,116.459,10.2062,2.06163,-0.879053,-2.26082,0.999941,0.542312,2.05286,12.0132
250043,0.348233,25,-0.612829,-0.700614,5521.38,1.41275,143.345,0.987304,-120.995,1.18982,0.769711,-1.64374,126.122,2.25688,1.20386,0.471085,18341733,-0.0233198,1.05449,0.556413,0.350318,9.56931,654.861,13.0204,-0.885894,9.74163,130.318,75997,8.03805,9.56189,1.11382,7.34198,-1.04947,2.76317,151.592,12.9871,2.51956,1.61234,0.767696,-0.171261,2.41692,2.24484,0.148186,0.280464,130.423,156.37,8.2376,3.42589,1.14493,99.4196,1.53649,1.45346,-819.671,102.996,0.48007,1793,435.721,1.0001,61.6215,4.25335,6.56E+09,27.0754,6.79736,0.0950846,1.18258,0.572703,0.170776,1.14098,10.4142,1.53382,51.2599,-0.110145,55.3042,1.85394,3.50139,121.335,0.621512,-0.441909,8.24455,1.56252,1.41771,0.0136324,-0.522198,-0.684982,3.24993,3.13789,1052,0.221374,2.07075,-0.682457,0.772085,14891.5,30.3013,3.64988,-0.366601,6.36636,2.35783,0.859345,1.26549,29.5393
250044,0.358359,39,4.49379,-0.553516,2948.41,12.7734,170.607,0.00724029,39.597,1.14127,3.24332,-0.45249,158.167,11.3308,-2.71372,1.18004,9737424,0.0431814,-0.348547,-0.987194,0.022218,6.5033,103.924,6.324,0.0897419,2.77419,140.618,15738,14.9963,4.45263,1.45909,8.2566,-1.65719,-0.291224,156.173,639.747,7.98384,-1.85717,0.429697,0.142295,-5.70921,2.05153,0.0463138,0.245519,141.636,51.1872,3.28718,8.44245,-1.30048,18.9717,1.33346,1.26026,-2766.43,82.0569,-0.0951912,1287,275.048,2.44862,44.2731,1.80335,3.25E+09,82.6341,5.64183,0.171671,1.11963,0.44638,0.0761998,0.479766,0.654355,2.08175,70.1888,-0.0455987,157.293,2.34667,3.02177,980.118,1.15885,4.49228,10.7573,1.15695,1.38971,0.00197036,-0.383975,0.212175,3.29727,4.25299,389,-0.476205,2.90831,-0.827989,0.203085,32017.4,24.6326,3.99047,-0.131556,4.79335,2.86351,0.403377,2.4875,12.4502
250045,0.611543,19,-0.739402,-0.98234,1945.46,7.394,202.078,0.424023,130.945,1.13979,-1.04545,1.38302,153.624,16.0376,1.42791,0.258823,15253623,-0.023588,-0.807778,-1.23832,0.0048585,24.7559,5370.03,1.70898,-0.787052,3.46313,102.954,81091,-0.517785,10.7585,1.15777,5.24776,-1.33447,1.41934,129.279,167.891,7.46597,-0.373631,1.14742,1.36039,-0.664006,1.71578,0.0747956,0.553221,56.0934,312.214,10.3046,6.68283,-0.542493,42.297,2.31314,0.864662,-32144.4,75.0918,0.81212,1394,387.184,1.59696,89.7958,0.597367,1.24E+09,27.1022,5.29281,0.272864,1.12644,0.578786,0.32685,1.06866,2.20901,2.07386,27.026,0.143863,74.9844,2.4682,2.27989,203.384,-0.907721,1.04622,6.37802,1.08532,1.55907,-0.00203634,-0.469754,0.375652,2.49098,3.24276,392,-0.153408,1.92903,24.2166,0.355325,13646.9,15.0757,1.38344,0.365209,6.14976,5.11013,0.801763,1.33042,4.48186
250046,0.858316,101,-0.214106,-0.905526,14.4377,4.40696,42.9445,0.00739388,11.7552,1.22966,-0.271515,-0.378195,124.071,4.95693,1.40322,0.138025,3463061,-0.166739,-0.297119,0.104306,0.00637665,19.5906,4673.43,4.00925,-1.17339,2.96486,122.879,13672,-1.03626,3.25015,1.24481,5.87529,-0.607495,1.93168,155.576,236.772,5.70903,-0.667222,1.44845,0.891474,1.54847,2.28873,0.00154511,0.237516,8.71041,54.4182,2.01717,3.5138,-0.898095,67.7474,1.44351,1.32257,-1775.16,110.197,-0.762718,634,2886.81,4.28419,89.351,0.284755,3.84E+09,41.0776,3.68031,0.129662,1.17879,0.850557,0.131442,0.575337,29.6858,1.29656,162.184,-0.0508085,76.5767,2.98114,4.3475,390.758,-0.997971,1.62418,4.52803,1.14377,2.75607,0.0290309,-0.321465,-0.248011,2.62708,4.38868,105,-0.132258,16.6875,3.15056,0.628026,12639.7,12.4184,1.33168,-0.563983,-10.7058,2.43111,0.561213,1.65621,10.4276
250047,0.808383,17,-1.22804,-1.11028,33279,6.62898,-2.34368,0.769614,34.3121,1.15744,-6.46484,1.1859,148.311,8.95825,1.04176,3.15253,4942428,-0.0531167,-0.43972,0.310836,0.117681,5.88817,434.505,12.9743,0.603174,7.47768,128.081,78427,-0.517501,5.89776,1.44415,3.9588,1.00128,0.615741,145.783,297.23,4.08757,1.09577,1.05513,-0.612739,-2.96056,2.35333,0.219189,0.744861,107.43,285.298,10.433,4.73532,-0.679006,56.9826,1.43448,0.774563,-6314.31,86.3721,-0.283355,7,11558.6,1.79651,89.425,-0.476964,5.24E+09,175.837,7.34824,0.246291,1.18904,0.168421,0.306515,1.04377,-3.39136,0.611576,61.8436,0.134685,54.0934,2.46554,4.46144,55.4569,0.0235345,1.48206,12.1774,1.12736,3.19542,-0.00127505,-0.106543,0.799921,5.17141,4.39959,45,0.651801,3.49809,3.04073,0.409534,179.019,20.0894,2.91786,0.404273,2.88227,2.07794,0.714836,1.39032,3.23
250048,0.0757465,120,0.894261,-1.26071,0.0180031,6.92867,39.2514,0.982274,-141.414,1.20681,2.73452,-0.0310207,162.088,5.24783,-1.07936,0.387923,15840871,0.0674672,0.823262,-0.15063,0.112373,13.2931,1161.52,5.07201,-0.968772,1.80803,133.57,14485,6.98846,3.20237,1.16974,7.93568,0.772246,2.49074,126.187,488.771,2.32588,-1.0149,1.342,1.03916,-10.9712,3.03335,0.173478,0.110098,120.989,567.95,3.77515,1.67895,1.21421,24.5312,1.34892,0.917783,39640.8,96.9079,0.10248,1508,8637.28,4.15346,63.2758,-0.108968,3.57E+09,69.9397,3.24023,0.293812,1.21071,0.416429,0.225129,1.03455,-9.47748,1.56077,104.223,-0.0726731,48.4771,1.7263,1.86085,-120.998,0.59139,2.32684,3.88249,1.1585,2.19385,0.0169569,-0.516025,0.508104,2.79568,4.45618,63,0.582469,7.89564,-0.380969,0.652157,3879.25,12.3132,1.37076,0.332315,11.0167,1.49528,0.67546,1.50421,17.1208
250049,0.551809,12,-0.790038,-1.06956,2073.44,2.37866,523.298,0.783866,-45.0167,1.09212,2.5165,0.784739,149.65,0.843706,1.41165,0.252234,20521509,0.104632,-0.587455,0.546312,0.9653,5.08795,53.0726,6.54359,-0.896794,2.85173,112.233,76650,3.76398,8.76431,1.34485,4.89022,-0.91294,1.71524,126.99,144.55,14.2539,0.198879,2.41228,-0.380687,3.83819,2.17027,0.190254,0.509819,253.367,113.915,7.64896,6.30487,0.0633748,72.0041,1.36813,-0.877352,135320,56.7687,0.430215,2320,50.4986,1.5114,89.7923,0.152516,1.61E+09,8.96511,3.86661,0.334408,1.14863,0.453647,0.166891,1.34318,9.29668,1.67482,7.99733,0.0413544,69.8662,3.57747,1.30726,641.7,-0.0618331,-3.10194,5.43182,1.18457,2.27609,0.00233954,-0.204741,0.60493,4.08814,4.33441,512,0.428574,4.93178,-0.286733,0.151118,34.6345,8.87505,1.38861,0.0602449,14.4286,3.11813,0.449604,1.34064,3.18142
